id_corso;materia;data;ora_inizio;ora_fine;luogo;compenso_orario;stato;fatturato;mese_fatturato;ore_fatturate;cliente
Garanzia Giovani;Garanzia Giovani;04/02/2025;08:00;14:00;Lecce;20.0;Completato;0;;0.0;forumlab
Garanzia Giovani;Garanzia Giovani;05/02/2025;08:00;14:00;Lecce;20.0;Completato;0;;0.0;forumlab
Garanzia Giovani;Garanzia Giovani;07/02/2025;08:00;14:00;Lecce;20.0;Completato;0;;0.0;forumlab
Garanzia Giovani;Garanzia Giovani;10/02/2025;08:00;14:00;Lecce;20.0;Completato;0;;0.0;forumlab
Garanzia Giovani;Garanzia Giovani;11/02/2025;08:00;14:00;Lecce;20.0;Completato;0;;0.0;forumlab
Garanzia Giovani;Garanzia Giovani;12/02/2025;08:00;14:00;Lecce;20.0;Completato;0;;0.0;forumlab
Garanzia Giovani;Garanzia Giovani;13/02/2025;08:00;14:00;Lecce;20.0;Completato;0;;0.0;forumlab
Garanzia Giovani;Garanzia Giovani;14/02/2025;08:00;14:00;Lecce;20.0;Completato;0;;0.0;forumlab
Garanzia Giovani;Garanzia Giovani;17/02/2025;08:00;14:00;Lecce;20.0;Completato;0;;0.0;forumlab
Garanzia Giovani;Garanzia Giovani;19/02/2025;08:00;14:00;Lecce;20.0;Completato;0;;0.0;forumlab
Garanzia Giovani;Garanzia Giovani;20/02/2025;08:00;14:00;Lecce;20.0;Completato;0;;0.0;forumlab
Garanzia Giovani;Garanzia Giovani;21/02/2025;08:00;14:00;Lecce;20.0;Completato;0;;0.0;forumlab
Garanzia Giovani;Garanzia Giovani;24/02/2025;08:00;14:00;Lecce;20.0;Completato;0;;0.0;forumlab
Garanzia Giovani;Garanzia Giovani;25/02/2025;08:00;14:00;Lecce;20.0;Completato;0;;0.0;forumlab
Garanzia Giovani;Garanzia Giovani;26/02/2025;08:00;14:00;Lecce;20.0;Completato;0;;0.0;forumlab
Garanzia Giovani;Garanzia Giovani;27/02/2025;08:00;14:00;Lecce;20.0;Completato;0;;0.0;forumlab
Garanzia Giovani;Garanzia Giovani;28/02/2025;08:00;14:00;Lecce;20.0;Completato;0;;0.0;forumlab
Garanzia Giovani;Garanzia Giovani;01/03/2025;08:00;14:00;Lecce;20.0;Completato;0;;0.0;forumlab
Garanzia Giovani;Garanzia Giovani;03/03/2025;08:00;14:00;Lecce;20.0;Completato;0;;0.0;forumlab
Garanzia Giovani;Garanzia Giovani;04/03/2025;08:00;14:00;Lecce;20.0;Completato;0;;0.0;forumlab
Garanzia Giovani;Garanzia Giovani;05/03/2025;08:00;14:00;Lecce;20.0;Completato;0;;0.0;forumlab
Garanzia Giovani;Garanzia Giovani;06/03/2025;08:00;14:00;Lecce;20.0;Completato;0;;0.0;forumlab
Garanzia Giovani;Garanzia Giovani;07/03/2025;08:00;14:00;Lecce;20.0;Completato;0;;0.0;forumlab
Garanzia Giovani;Garanzia Giovani;08/03/2025;08:00;14:00;Lecce;20.0;Completato;0;;0.0;forumlab
Garanzia Giovani;Garanzia Giovani;09/03/2025;08:00;14:00;Lecce;20.0;Completato;0;;0.0;forumlab
Garanzia Giovani;Garanzia Giovani;11/03/2025;08:00;11:00;Lecce;20.0;Completato;0;;0.0;forumlab
5064 GOL;5064 GOL;29/01/2025;14:30;20:30;Lecce;30.0;Completato;0;;0.0;forumlab
5064 GOL;5064 GOL;01/02/2025;14:30;20:30;Lecce;30.0;Completato;0;;0.0;forumlab
5064 GOL;5064 GOL;03/02/2025;14:30;20:30;Lecce;30.0;Completato;0;;0.0;forumlab
5064 GOL;5064 GOL;04/02/2025;14:30;20:30;Lecce;30.0;Completato;0;;0.0;forumlab
5064 GOL;5064 GOL;05/02/2025;14:30;20:30;Lecce;30.0;Completato;0;;0.0;forumlab
5064 GOL;5064 GOL;26/02/2025;14:30;20:30;Lecce;30.0;Completato;0;;0.0;forumlab
Patente europea 3355;Patente europea 3355;05/11/2024;08:00;14:00;Lecce;20.0;Completato;0;;0.0;forumlab
Patente europea 3355;Patente europea 3355;06/11/2024;08:00;14:00;Lecce;20.0;Completato;0;;0.0;forumlab
Patente europea 3355;Patente europea 3355;07/11/2024;08:00;14:00;Lecce;20.0;Completato;0;;0.0;forumlab
Patente europea 3355;Patente europea 3355;08/11/2024;08:00;14:00;Lecce;20.0;Completato;0;;0.0;forumlab
Patente europea 3355;Patente europea 3355;09/11/2024;08:00;14:00;Lecce;20.0;Completato;0;;0.0;forumlab
Patente europea 3355;Patente europea 3355;11/11/2024;08:00;14:00;Lecce;20.0;Completato;0;;0.0;forumlab
Patente europea 3355;Patente europea 3355;12/11/2024;08:00;14:00;Lecce;20.0;Completato;0;;0.0;forumlab
Patente europea 3355;Patente europea 3355;13/11/2024;08:00;14:00;Lecce;20.0;Completato;0;;0.0;forumlab
Patente europea 3355;Patente europea 3355;18/11/2024;08:00;14:00;Lecce;20.0;Completato;0;;0.0;forumlab
Patente europea 3355;Patente europea 3355;19/11/2024;08:00;14:00;Lecce;20.0;Completato;0;;0.0;forumlab
Patente europea 3355;Patente europea 3355;20/11/2024;08:00;14:00;Lecce;20.0;Completato;0;;0.0;forumlab
Patente europea 3355;Patente europea 3355;21/11/2024;08:00;14:00;Lecce;20.0;Completato;0;;0.0;forumlab
Patente europea 3355;Patente europea 3355;22/11/2024;08:00;14:00;Lecce;20.0;Completato;0;;0.0;forumlab
Patente europea 3355;Patente europea 3355;23/11/2024;08:00;14:00;Lecce;20.0;Completato;0;;0.0;forumlab
Patente europea 3355;Patente europea 3355;25/11/2024;08:00;14:00;Lecce;20.0;Completato;0;;0.0;forumlab
Patente europea 3355;Patente europea 3355;26/11/2024;08:00;14:00;Lecce;20.0;Completato;0;;0.0;forumlab
Patente europea 3355;Patente europea 3355;27/11/2024;08:00;14:00;Lecce;20.0;Completato;0;;0.0;forumlab
Patente europea 3355;Patente europea 3355;28/11/2024;08:00;14:00;Lecce;20.0;Completato;0;;0.0;forumlab
Patente europea 3355;Patente europea 3355;29/11/2024;08:00;14:00;Lecce;20.0;Completato;0;;0.0;forumlab
Patente europea 3355;Patente europea 3355;30/11/2024;08:00;14:00;Lecce;20.0;Completato;0;;0.0;forumlab
Patente europea 3355;Patente europea 3355;02/12/2024;08:00;14:00;Lecce;20.0;Completato;0;;0.0;forumlab
Patente europea 3355;Patente europea 3355;03/12/2024;08:00;14:00;Lecce;20.0;Completato;0;;0.0;forumlab
Patente europea 3355;Patente europea 3355;04/12/2024;08:00;14:00;Lecce;20.0;Completato;0;;0.0;forumlab
Patente europea 3355;Patente europea 3355;05/12/2024;08:00;14:00;Lecce;20.0;Completato;0;;0.0;forumlab
Patente europea 3355;Patente europea 3355;07/12/2024;08:00;14:00;Lecce;20.0;Completato;0;;0.0;forumlab
Patente europea 3355;Patente europea 3355;09/12/2024;08:00;14:00;Lecce;20.0;Completato;0;;0.0;forumlab
Patente europea 3355;Patente europea 3355;10/12/2024;08:00;14:00;Lecce;20.0;Completato;0;;0.0;forumlab
Patente europea 3355;Patente europea 3355;11/12/2024;08:00;14:00;Lecce;20.0;Completato;0;;0.0;forumlab
Informatica Collepasso;Informatica Collepasso;10/03/2025;15:30;18:30;Collepasso;30.0;Completato;1;2025-04;3.0;dedalos
Informatica Collepasso;Informatica Collepasso;17/03/2025;15:30;18:30;Collepasso;30.0;Completato;1;2025-04;3.0;dedalos
Informatica Collepasso;Informatica Collepasso;24/03/2025;15:30;18:30;Collepasso;30.0;Completato;1;2025-04;3.0;dedalos
Informatica Collepasso;Informatica Collepasso;31/03/2025;15:30;18:30;Collepasso;30.0;Completato;1;2025-04;3.0;dedalos
Informatica Collepasso;Informatica Collepasso;07/04/2025;15:30;18:30;Collepasso;30.0;Completato;0;;0.0;dedalos
Informatica TUGLIE 5a 5b;Informatica TUGLIE 5a 5b;12/03/2025;15:30;18:30;Tuglie;30.0;Completato;1;2025-04;3.0;dedalos
Informatica TUGLIE 5a 5b;Informatica TUGLIE 5a 5b;19/03/2025;15:30;18:30;Tuglie;30.0;Completato;1;2025-04;3.0;dedalos
Informatica TUGLIE 5a 5b;Informatica TUGLIE 5a 5b;26/03/2025;15:30;18:30;Tuglie;30.0;Completato;1;2025-04;3.0;dedalos
Informatica TUGLIE 5a 5b;Informatica TUGLIE 5a 5b;02/04/2025;15:30;18:30;Tuglie;30.0;Completato;0;;0.0;dedalos
Informatica TUGLIE 5a 5b;Informatica TUGLIE 5a 5b;09/04/2025;15:30;18:30;Tuglie;30.0;Completato;0;;0.0;dedalos
Informatica TUGLIE 5a 5b;Informatica TUGLIE 5a 5b;05/03/2025;15:30;18:30;Tuglie;30.0;Completato;1;2025-04;3.0;dedalos
GOL 4249;Gol 4249;14/03/2025;08:30;13:30;Lecce;30.0;Completato;0;;0.0;forumlab
GOL 4249;Gol 4249;17/03/2025;08:30;13:30;Lecce;30.0;Completato;0;;0.0;forumlab
GOL 4249;Gol 4249;19/03/2025;08:30;13:30;Lecce;30.0;Completato;0;;0.0;forumlab
GOL 4249;Gol 4249;21/03/2025;08:30;13:30;Lecce;30.0;Completato;0;;0.0;forumlab
Docenti;Docenti;05/05/2025;16:30;19:30;Parabita;30.0;Completato;0;;0.0;dedalos
Docenti;Docenti;12/05/2025;16:30;19:30;Parabita;30.0;Completato;0;;0.0;dedalos
Docenti;Docenti;14/05/2025;16:30;19:30;Parabita;30.0;Completato;0;;0.0;dedalos
Docenti;Docenti;19/05/2025;16:30;19:30;Parabita;30.0;Completato;0;;0.0;dedalos
GOL sezione 3;GOL sezione 3;03/04/2025;08:00;14:00;Lecce;30.0;Completato;0;;0.0;forumlab
GOL sezione 3;GOL sezione 3;04/04/2025;08:00;14:00;Lecce;30.0;Completato;0;;0.0;forumlab
GOL sezione 3;GOL sezione 3;05/04/2025;08:00;14:00;Lecce;30.0;Completato;0;;0.0;forumlab
GOL sezione 3;GOL sezione 3;12/04/2025;08:00;14:00;Lecce;30.0;Completato;0;;0.0;forumlab
IC PARABITA - PRIMARIA QUARTE 2;IC PARABITA - PRIMARIA QUARTE 2;13/03/2025;10:10;12:10;Parabita;30.0;Completato;1;2025-04;2.0;dedalos
IC PARABITA - PRIMARIA QUARTE 2;IC PARABITA - PRIMARIA QUARTE 2;25/03/2025;08:10;11:10;Parabita;30.0;Completato;1;2025-04;3.0;dedalos
IC PARABITA - PRIMARIA QUARTE 2;IC PARABITA - PRIMARIA QUARTE 2;27/03/2025;08:10;11:10;Parabita;30.0;Completato;1;2025-04;3.0;dedalos
IC PARABITA - PRIMARIA QUARTE 2;IC PARABITA - PRIMARIA QUARTE 2;08/04/2025;11:10;12:10;Parabita;30.0;Completato;0;;0.0;dedalos
IC PARABITA - PRIMARIA QUARTE 2;IC PARABITA - PRIMARIA QUARTE 2;09/04/2025;08:10;11:10;Parabita;30.0;Completato;0;;0.0;dedalos
IC PARABITA - PRIMARIA QUARTE 2;IC PARABITA - PRIMARIA QUARTE 2;10/04/2025;11:10;12:10;Parabita;30.0;Completato;0;;0.0;dedalos
IC PARABITA - PRIMARIA QUARTE 2;IC PARABITA - PRIMARIA QUARTE 2;14/04/2025;08:10;11:10;Parabita;30.0;Completato;0;;0.0;dedalos
IC PARABITA - PRIMARIA QUARTE 2;IC PARABITA - PRIMARIA QUARTE 2;28/04/2025;11:10;12:10;Parabita;30.0;Completato;0;;0.0;dedalos
IC PARABITA - PRIMARIA QUARTE 2;IC PARABITA - PRIMARIA QUARTE 2;29/04/2025;08:10;11:10;Parabita;30.0;Completato;0;;0.0;dedalos
IC PARABITA - PRIMARIA QUARTE 2;IC PARABITA - PRIMARIA QUARTE 2;30/04/2025;11:10;12:10;Parabita;30.0;Completato;0;;0.0;dedalos
IC PARABITA - PRIMARIA QUARTE 2;IC PARABITA - PRIMARIA QUARTE 2;05/05/2025;08:10;11:10;Parabita;30.0;Completato;0;;0.0;dedalos
IC PARABITA - PRIMARIA QUINTE 2;IC PARABITA - PRIMARIA QUINTE 2;12/03/2025;08:10;13:10;Parabita;30.0;Completato;1;2025-04;5.0;dedalos
IC PARABITA - PRIMARIA QUINTE 2;IC PARABITA - PRIMARIA QUINTE 2;13/03/2025;08:10;10:10;Parabita;30.0;Completato;1;2025-04;2.0;dedalos
IC PARABITA - PRIMARIA QUINTE 2;IC PARABITA - PRIMARIA QUINTE 2;25/03/2025;11:10;12:10;Parabita;30.0;Completato;1;2025-04;1.0;dedalos
IC PARABITA - PRIMARIA QUINTE 2;IC PARABITA - PRIMARIA QUINTE 2;27/03/2025;11:10;12:10;Parabita;30.0;Completato;1;2025-04;1.0;dedalos
IC PARABITA - PRIMARIA QUINTE 2;IC PARABITA - PRIMARIA QUINTE 2;08/04/2025;08:10;11:10;Parabita;30.0;Completato;0;;0.0;dedalos
IC PARABITA - PRIMARIA QUINTE 2;IC PARABITA - PRIMARIA QUINTE 2;09/04/2025;11:10;12:10;Parabita;30.0;Completato;0;;0.0;dedalos
IC PARABITA - PRIMARIA QUINTE 2;IC PARABITA - PRIMARIA QUINTE 2;10/04/2025;08:10;11:10;Parabita;30.0;Completato;0;;0.0;dedalos
IC PARABITA - PRIMARIA QUINTE 2;IC PARABITA - PRIMARIA QUINTE 2;14/04/2025;11:10;12:10;Parabita;30.0;Completato;0;;0.0;dedalos
IC PARABITA - PRIMARIA QUINTE 2;IC PARABITA - PRIMARIA QUINTE 2;28/04/2025;08:10;11:10;Parabita;30.0;Completato;0;;0.0;dedalos
IC PARABITA - PRIMARIA QUINTE 2;IC PARABITA - PRIMARIA QUINTE 2;29/04/2025;11:10;12:10;Parabita;30.0;Completato;0;;0.0;dedalos
IC PARABITA - PRIMARIA QUINTE 2;IC PARABITA - PRIMARIA QUINTE 2;30/04/2025;08:10;11:10;Parabita;30.0;Completato;0;;0.0;dedalos
IC PARABITA - PRIMARIA QUINTE 2;IC PARABITA - PRIMARIA QUINTE 2;05/05/2025;11:10;12:10;Parabita;30.0;Completato;0;;0.0;dedalos
IC PARABITA - PRIMARIA QUARTE 2;IC PARABITA - PRIMARIA QUARTE 2;23/04/2025;08:10;11:10;Parabita;30.0;Completato;0;;0.0;dedalos
IC PARABITA - PRIMARIA QUARTE 2;IC PARABITA - PRIMARIA QUARTE 2;12/05/2025;08:10;11:10;Parabita;30.0;Completato;0;;0.0;dedalos
IC PARABITA - PRIMARIA QUINTE 2;IC PARABITA - PRIMARIA QUINTE 2;24/04/2025;08:10;11:10;Parabita;30.0;Completato;0;;0.0;dedalos
IC PARABITA - PRIMARIA QUINTE 2;IC PARABITA - PRIMARIA QUINTE 2;13/05/2025;09:10;12:10;Parabita;30.0;Completato;0;;0.0;dedalos
Coding e robotica SECONDA MEDIA;Coding e robotica SECONDA MEDIA;12/12/2024;16:30;17:30;GALATINA PRIMO POLO;30.0;Completato;1;2024/12;1.0;dedalos
Coding e robotica SECONDA MEDIA;Coding e robotica SECONDA MEDIA;12/12/2024;14:30;15:30;GALATINA PRIMO POLO;30.0;Completato;1;2024/12;1.0;dedalos
Coding e robotica SECONDA MEDIA;Coding e robotica SECONDA MEDIA;12/12/2024;15:30;16:30;GALATINA PRIMO POLO;30.0;Completato;1;2024/12;1.0;dedalos
Coding e robotica TERZA MEDIA4;Coding e robotica TERZA MEDIA4;13/12/2024;16:30;17:30;GALATINA PRIMO POLO;30.0;Completato;1;2024/12;1.0;dedalos
Coding e robotica TERZA MEDIA4;Coding e robotica TERZA MEDIA4;13/12/2024;15:30;16:30;GALATINA PRIMO POLO;30.0;Completato;1;2024/12;1.0;dedalos
Coding e robotica TERZA MEDIA4;Coding e robotica TERZA MEDIA4;13/12/2024;14:30;15:30;GALATINA PRIMO POLO;30.0;Completato;1;2024/12;1.0;dedalos
Coding e robotica SECONDA MEDIA;Coding e robotica SECONDA MEDIA;09/01/2025;14:30;15:30;GALATINA PRIMO POLO;30.0;Completato;1;2025/01;1.0;dedalos
Coding e robotica SECONDA MEDIA;Coding e robotica SECONDA MEDIA;09/01/2025;15:30;16:30;GALATINA PRIMO POLO;30.0;Completato;1;2025/01;1.0;dedalos
Coding e robotica SECONDA MEDIA;Coding e robotica SECONDA MEDIA;09/01/2025;16:30;17:30;GALATINA PRIMO POLO;30.0;Completato;1;2025/01;1.0;dedalos
Coding e robotica SECONDA MEDIA;Coding e robotica SECONDA MEDIA;16/01/2025;15:00;16:00;GALATINA PRIMO POLO;30.0;Completato;1;2025/01;1.0;dedalos
Coding e robotica SECONDA MEDIA;Coding e robotica SECONDA MEDIA;16/01/2025;14:00;15:00;GALATINA PRIMO POLO;30.0;Completato;1;2025/01;1.0;dedalos
Coding e robotica SECONDA MEDIA;Coding e robotica SECONDA MEDIA;16/01/2025;16:00;17:00;GALATINA PRIMO POLO;30.0;Completato;1;2025/01;1.0;dedalos
Coding e robotica TERZA MEDIA4;Coding e robotica TERZA MEDIA4;17/01/2025;14:30;15:30;GALATINA PRIMO POLO;30.0;Completato;1;2025/01;1.0;dedalos
Coding e robotica TERZA MEDIA4;Coding e robotica TERZA MEDIA4;17/01/2025;15:30;16:30;GALATINA PRIMO POLO;30.0;Completato;1;2025/01;1.0;dedalos
Coding e robotica TERZA MEDIA4;Coding e robotica TERZA MEDIA4;17/01/2025;16:30;17:30;GALATINA PRIMO POLO;30.0;Completato;1;2025/01;1.0;dedalos
Coding e robotica SECONDA MEDIA;Coding e robotica SECONDA MEDIA;23/01/2025;14:30;15:30;GALATINA PRIMO POLO;30.0;Completato;1;2025/01;1.0;dedalos
Coding e robotica SECONDA MEDIA;Coding e robotica SECONDA MEDIA;23/01/2025;15:30;16:30;GALATINA PRIMO POLO;30.0;Completato;1;2025/01;1.0;dedalos
Coding e robotica SECONDA MEDIA;Coding e robotica SECONDA MEDIA;23/01/2025;16:30;17:30;GALATINA PRIMO POLO;30.0;Completato;1;2025/01;1.0;dedalos
Coding e robotica TERZA MEDIA4;Coding e robotica TERZA MEDIA4;24/01/2025;14:30;15:30;GALATINA PRIMO POLO;30.0;Completato;1;2025/01;1.0;dedalos
Coding e robotica TERZA MEDIA4;Coding e robotica TERZA MEDIA4;24/01/2025;15:30;16:30;GALATINA PRIMO POLO;30.0;Completato;1;2025/01;1.0;dedalos
Coding e robotica TERZA MEDIA4;Coding e robotica TERZA MEDIA4;24/01/2025;16:30;17:30;GALATINA PRIMO POLO;30.0;Completato;1;2025/01;1.0;dedalos
Coding e robotica SECONDA MEDIA;Coding e robotica SECONDA MEDIA;13/02/2025;14:30;15:30;GALATINA PRIMO POLO;30.0;Completato;1;2025/02;1.0;dedalos
Coding e robotica SECONDA MEDIA;Coding e robotica SECONDA MEDIA;13/02/2025;15:30;16:30;GALATINA PRIMO POLO;30.0;Completato;1;2025/02;1.0;dedalos
Coding e robotica SECONDA MEDIA;Coding e robotica SECONDA MEDIA;13/02/2025;16:30;17:30;GALATINA PRIMO POLO;30.0;Completato;1;2025/02;1.0;dedalos
Coding e robotica TERZA MEDIA4;Coding e robotica TERZA MEDIA4;14/02/2025;14:30;15:30;GALATINA PRIMO POLO;30.0;Completato;1;2025/02;1.0;dedalos
Coding e robotica TERZA MEDIA4;Coding e robotica TERZA MEDIA4;14/02/2025;15:30;16:30;GALATINA PRIMO POLO;30.0;Completato;1;2025/02;1.0;dedalos
Coding e robotica TERZA MEDIA4;Coding e robotica TERZA MEDIA4;14/02/2025;16:30;17:30;GALATINA PRIMO POLO;30.0;Completato;1;2025/02;1.0;dedalos
Coding e robotica SECONDA MEDIA;Coding e robotica SECONDA MEDIA;20/02/2025;14:30;15:30;GALATINA PRIMO POLO;30.0;Completato;1;2025/02;1.0;dedalos
Coding e robotica SECONDA MEDIA;Coding e robotica SECONDA MEDIA;20/02/2025;15:30;16:30;GALATINA PRIMO POLO;30.0;Completato;1;2025/02;1.0;dedalos
Coding e robotica SECONDA MEDIA;Coding e robotica SECONDA MEDIA;20/02/2025;16:30;17:30;GALATINA PRIMO POLO;30.0;Completato;1;2025/02;1.0;dedalos
Coding e robotica TERZA MEDIA4;Coding e robotica TERZA MEDIA4;21/02/2025;14:30;15:30;GALATINA PRIMO POLO;30.0;Completato;1;2025/02;1.0;dedalos
Coding e robotica TERZA MEDIA4;Coding e robotica TERZA MEDIA4;21/02/2025;15:30;16:30;GALATINA PRIMO POLO;30.0;Completato;1;2025/02;1.0;dedalos
Coding e robotica TERZA MEDIA4;Coding e robotica TERZA MEDIA4;21/02/2025;16:30;17:30;GALATINA PRIMO POLO;30.0;Completato;1;2025/02;1.0;dedalos
Coding e robotica SECONDA MEDIA;Coding e robotica SECONDA MEDIA;27/02/2025;14:30;15:30;GALATINA PRIMO POLO;30.0;Completato;1;2025/02;1.0;dedalos
Coding e robotica SECONDA MEDIA;Coding e robotica SECONDA MEDIA;27/02/2025;15:30;16:30;GALATINA PRIMO POLO;30.0;Completato;1;2025/02;1.0;dedalos
Coding e robotica SECONDA MEDIA;Coding e robotica SECONDA MEDIA;27/02/2025;16:30;17:30;GALATINA PRIMO POLO;30.0;Completato;1;2025/02;1.0;dedalos
Coding e robotica TERZA MEDIA4;Coding e robotica TERZA MEDIA4;28/02/2025;14:30;15:30;GALATINA PRIMO POLO;30.0;Completato;1;2025/02;1.0;dedalos
Coding e robotica TERZA MEDIA4;Coding e robotica TERZA MEDIA4;28/02/2025;15:30;16:30;GALATINA PRIMO POLO;30.0;Completato;1;2025/02;1.0;dedalos
Coding e robotica TERZA MEDIA4;Coding e robotica TERZA MEDIA4;28/02/2025;16:30;17:30;GALATINA PRIMO POLO;30.0;Completato;1;2025/02;1.0;dedalos
Coding e robotica SECONDA MEDIA;Coding e robotica SECONDA MEDIA;20/03/2025;14:30;15:30;GALATINA PRIMO POLO;30.0;Completato;1;2025-04;1.0;dedalos
Coding e robotica SECONDA MEDIA;Coding e robotica SECONDA MEDIA;20/03/2025;15:30;16:30;GALATINA PRIMO POLO;30.0;Completato;1;2025-04;1.0;dedalos
Coding e robotica SECONDA MEDIA;Coding e robotica SECONDA MEDIA;20/03/2025;16:30;17:30;GALATINA PRIMO POLO;30.0;Completato;1;2025-04;1.0;dedalos
Coding e robotica TERZA MEDIA4;Coding e robotica TERZA MEDIA4;21/03/2025;14:30;15:30;GALATINA PRIMO POLO;30.0;Completato;1;2025-04;1.0;dedalos
Coding e robotica TERZA MEDIA4;Coding e robotica TERZA MEDIA4;21/03/2025;15:30;16:30;GALATINA PRIMO POLO;30.0;Completato;1;2025-04;1.0;dedalos
Coding e robotica TERZA MEDIA4;Coding e robotica TERZA MEDIA4;21/03/2025;16:30;17:30;GALATINA PRIMO POLO;30.0;Completato;1;2025-04;1.0;dedalos
Coding e robotica TERZA MEDIA4;Coding e robotica TERZA MEDIA4;28/03/2025;14:30;15:30;GALATINA PRIMO POLO;30.0;Completato;1;2025-04;1.0;dedalos
Coding e robotica TERZA MEDIA4;Coding e robotica TERZA MEDIA4;28/03/2025;15:30;16:30;GALATINA PRIMO POLO;30.0;Completato;1;2025-04;1.0;dedalos
Coding e robotica TERZA MEDIA4;Coding e robotica TERZA MEDIA4;28/03/2025;16:30;17:30;GALATINA PRIMO POLO;30.0;Completato;1;2025-04;1.0;dedalos
Coding e robotica SECONDA MEDIA;Coding e robotica SECONDA MEDIA;06/03/2025;14:30;15:30;GALATINA PRIMO POLO;30.0;Completato;1;2025-04;1.0;dedalos
Coding e robotica SECONDA MEDIA;Coding e robotica SECONDA MEDIA;06/03/2025;15:30;16:30;GALATINA PRIMO POLO;30.0;Completato;1;2025-04;1.0;dedalos
Coding e robotica SECONDA MEDIA;Coding e robotica SECONDA MEDIA;06/03/2025;16:30;17:30;GALATINA PRIMO POLO;30.0;Completato;1;2025-04;1.0;dedalos
Coding e robotica TERZA MEDIA4;Coding e robotica TERZA MEDIA4;07/03/2025;14:30;15:30;GALATINA PRIMO POLO;30.0;Completato;1;2025-04;1.0;dedalos
Coding e robotica TERZA MEDIA4;Coding e robotica TERZA MEDIA4;07/03/2025;15:30;16:30;GALATINA PRIMO POLO;30.0;Completato;1;2025-04;1.0;dedalos
Coding e robotica TERZA MEDIA4;Coding e robotica TERZA MEDIA4;07/03/2025;16:30;17:30;GALATINA PRIMO POLO;30.0;Completato;1;2025-04;1.0;dedalos
Coding e robotica SECONDA MEDIA;Coding e robotica SECONDA MEDIA;13/03/2025;16:30;17:30;GALATINA PRIMO POLO;30.0;Completato;1;2025-04;1.0;dedalos
Coding e robotica SECONDA MEDIA;Coding e robotica SECONDA MEDIA;13/03/2025;14:30;15:30;GALATINA PRIMO POLO;30.0;Completato;1;2025-04;1.0;dedalos
Coding e robotica SECONDA MEDIA;Coding e robotica SECONDA MEDIA;13/03/2025;15:30;16:30;GALATINA PRIMO POLO;30.0;Completato;1;2025-04;1.0;dedalos
propedeutico pekit;propedeutico pekit;28/01/2025;08:30;13:30;Lecce;20.0;Completato;0;;0.0;forumlab
Docenti;Docenti;30/05/2025;16:30;19:30;Parabita;30.0;Completato;0;;0.0;dedalos
Garanzia Giovani;Garanzia Giovani;03/02/2025;08:00;14:00;Lecce;20.0;Completato;0;;0.0;forumlab
GOL sezione 3;Segreteria;22/03/2025;08:00;14:00;Lecce;30.0;Completato;0;;0.0;forumlab
GOL sezione 3;Segreteria;29/03/2025;08:00;14:00;Lecce;30.0;Completato;0;;0.0;forumlab
4798;Informatica ufficio;29/03/2025;15:30;20:30;Lecce;30.0;Completato;0;;0.0;forumlab
4798;Informatica ufficio;05/04/2025;14:30;20:30;Lecce;30.0;Completato;0;;0.0;forumlab
4798;Informatica uffico;16/04/2025;14:30;20:30;Lecce;30.0;Completato;0;;0.0;forumlab
4798;Informatica ufficio;19/04/2025;14:30;20:30;Lecce;30.0;Completato;0;;0.0;forumlab
7587;Informatica;04/04/2025;14:30;20:30;Lecce;30.0;Completato;0;;0.0;forumlab
Docenti;Docenti;03/06/2025;15:00;19:00;Parabita;30.0;Completato;0;;0.0;dedalos
Docenti;Docenti;06/06/2025;15:00;18:00;Parabita;30.0;Completato;0;;0.0;dedalos
Docenti;Docenti;10/06/2025;15:00;19:00;Parabita;30.0;Completato;0;;0.0;dedalos
5116;Informatica;01/04/2025;08:00;14:00;Lecce;30.0;Completato;0;;0.0;forumlab
5116;Informatica;02/04/2025;08:00;14:00;Lecce;30.0;Completato;0;;0.0;forumlab
Coding e robotica TERZA MEDIA4;Coding;11/04/2025;14:30;17:30;Galatina;30.0;Completato;0;;0.0;dedalos
5116;Informatica;15/04/2025;08:00;14:00;Lecce;30.0;Completato;0;;0.0;forumlab
5116;Informatica;17/04/2025;08:00;14:00;Lecce;30.0;Completato;0;;0.0;forumlab
5116;Informatica;18/04/2025;10:00;14:00;Lecce;30.0;Completato;0;;0.0;forumlab
5116;Informatica;22/04/2025;08:00;14:00;Lecce;30.0;Completato;0;;0.0;forumlab
AMMIRATO_FALCONE;Robotica;10/05/2025;08:00;15:00;Lecce;30.0;Completato;0;;0.0;dedalos
AMMIRATO_FALCONE;Informatica;10/05/2025;08:00;16:00;Lecce;30.0;Completato;0;;0.0;dedalos
AMMIRATO_FALCONE;Informatica;20/05/2025;15:00;20:00;Lecce;30.0;Completato;0;;0.0;dedalos
AMMIRATO_FALCONE;Informatica;24/05/2025;08:00;16:00;Lecce;30.0;Completato;0;;0.0;dedalos
Informatica Collepasso;Informatica Collepasso;14/04/2025;15:30;18:30;Collepasso;30.0;Completato;0;;0.0;dedalos
8537;informatica ufficio e pekit;14/05/2025;8.00;14.00;Lecce;30.0;Completato;0;;0.0;forumlab
8537;informatica ufficio e pekit;19/05/2025;8.00;14.00;Lecce;30.0;Completato;0;;0.0;forumlab
8537;informatica ufficio e pekit;21/05/2025;8.00;14.00;Lecce;30.0;Completato;0;;0.0;forumlab
8537;informatica ufficio e pekit;22/05/2025;8.00;14.00;Lecce;30.0;Completato;0;;0.0;forumlab
8537;informatica ufficio e pekit;26/05/2025;8.00;14.00;Lecce;30.0;Completato;0;;0.0;forumlab
8537;informatica ufficio e pekit;28/05/2025;8.00;14.00;Lecce;30.0;Completato;0;;0.0;forumlab
8537;informatica ufficio e pekit;29/05/2025;8.00;14.00;Lecce;30.0;Completato;0;;0.0;forumlab
8537;informatica ufficio e pekit;30/05/2025;8.00;14.00;Lecce;30.0;Pianificato;0;;0.0;forumlab
8537;informatica ufficio e pekit;03/06/2025;8.00;14.00;Lecce;30.0;Pianificato;0;;0.0;forumlab
8537;informatica ufficio e pekit;04/06/2025;8.00;14.00;Lecce;30.0;Pianificato;0;;0.0;forumlab
8537;informatica ufficio e pekit;05/06/2025;8.00;14.00;Lecce;30.0;Pianificato;0;;0.0;forumlab
8537;informatica ufficio e pekit;06/06/2025;8.00;12.00;Lecce;30.0;Pianificato;0;;0.0;forumlab
8537;informatica ufficio e pekit;06/06/2025;12.00;14.00;Lecce;30.0;Pianificato;0;;0.0;forumlab
8537;informatica ufficio e pekit;09/06/2025;8.00;14.00;Lecce;30.0;Pianificato;0;;0.0;forumlab
8537;informatica ufficio e pekit;11/06/2025;8.00;14.00;Lecce;30.0;Pianificato;0;;0.0;forumlab
8537;informatica ufficio e pekit;12/06/2025;8.00;14.00;Lecce;30.0;Pianificato;0;;0.0;forumlab
8537;informatica ufficio e pekit;16/06/2025;8.00;14.00;Lecce;30.0;Pianificato;0;;0.0;forumlab
8537;informatica ufficio e pekit;23/06/2025;8.00;14.00;Lecce;30.0;Pianificato;0;;0.0;forumlab
8537;informatica ufficio e pekit;24/06/2025;8.00;14.00;Lecce;30.0;Pianificato;0;;0.0;forumlab
8537;informatica ufficio e pekit;25/06/2025;8.00;14.00;Lecce;30.0;Pianificato;0;;0.0;forumlab
